{"client_meta":{"background_color":{"r":0.9607843160629272,"g":0.9607843160629272,"b":0.9607843160629272,"a":1},"thumbnail_size":{"width":249,"height":400},"render_coordinates":{"x":0,"y":0,"width":1440,"height":2310}},"file_name":"Untitled","developer_related_links":[],"exported_at":"2026-06-13T07:22:09.442Z"}